{"schemaVersion":"1.0","appDefinitionTemplate":{"id":"/providers/Microsoft.PowerApps/apps/","type":"Microsoft.PowerApps/apps","tags":{"sp-site-id":"https://curajinstitute.sharepoint.com/sites/PowerAppsTest","sp-list-id":"8be5394f-19b0-4a45-aaa2-3253c15d6a03","https://curajinstitute.sharepoint.com/sites/PowerAppsTest":"8be5394f-19b0-4a45-aaa2-3253c15d6a03","primaryDeviceWidth":"2731","primaryDeviceHeight":"1199","sienaVersion":"20210417T190212Z-3.21041.29.0","deviceCapabilities":"","supportsPortrait":"true","supportsLandscape":"false","primaryFormFactor":"Phone","publisherVersion":"3.21041.29","minimumRequiredApiVersion":"2.2.0","hasComponent":"false","hasUnlockedComponent":"false","isUnifiedRootApp":"false"},"properties":{"appVersion":"2021-04-17T19:02:12Z","lifeCycleId":"Published","createdByClientVersion":{"major":3,"minor":21041,"build":29,"revision":0,"majorRevision":0,"minorRevision":0},"minClientVersion":{"major":3,"minor":21041,"build":29,"revision":0,"majorRevision":0,"minorRevision":0},"backgroundColor":"rgba(0, 176, 240, 1)","backgroundImageUri":"/10771021327885059751/Ne1228e7f-838d-4227-afda-adc78fa9a17e-logoSmallFile","displayName":"Asset Tracking","description":"","commitMessage":"","appUris":{"documentUri":{"value":"/10771021327885059751/Nec26e29d-69f1-499c-8eaf-7368c48fcc32-document.msapp"},"imageUris":[]},"createdTime":"0001-01-01T00:00:00Z","lastModifiedTime":"0001-01-01T00:00:00Z","sharedGroupsCount":0,"sharedUsersCount":0,"icons":{"smallIconUri":"/10771021327885059751/Nf572eef9-e80a-4445-9ebc-5c6903b256e8-small.png","mediumIconUri":"/10771021327885059751/Nde58c7b7-d4ff-4f28-810d-8ff8655368f5-medium.png","largeIconUri":"/10771021327885059751/N60681c75-cc23-4541-81da-e1dc19351d82-large.png","wideIconUri":"/10771021327885059751/N81b59f97-85c2-4469-8a29-35e84e3d982c-wide.png"},"connectionReferences":{"ce0f2c32-a1cd-4820-ac34-ea4c7b9fb19e":{"id":"f47bb8ed-f6e0-4d3c-b959-616ba3abca72","displayName":"SharePoint","iconUri":"https://connectoricons-prod.azureedge.net/releases/v1.0.1458/1.0.1458.2381/sharepointonline/icon.png","dataSources":["Asset Tracking"],"dependencies":[],"dependents":[],"parameterHints":{},"isOnPremiseConnection":false,"bypassConsent":false,"dataSets":{"https://curajinstitute.sharepoint.com/sites/PowerAppsTest":{"dataSources":{"Asset Tracking":{"tableName":"8be5394f-19b0-4a45-aaa2-3253c15d6a03"}}}},"apiTier":"Standard","isCustomApiConnection":false}},"databaseReferences":{},"almMode":"Environment","performanceOptimizationEnabled":true,"canConsumeAppPass":true,"executionRestrictions":{"isTeamsOnly":false,"dataLossPreventionEvaluationResult":{"status":"Compliant","lastEvaluationDate":"2021-04-17T18:28:35.4220664Z","violationDetails":[]}}},"isAppComponentLibrary":false,"appType":"ClassicCanvasApp","appComponents":[]}}