{"schemaVersion":"1.0","appDefinitionTemplate":{"id":"/providers/Microsoft.PowerApps/apps/","type":"Microsoft.PowerApps/apps","tags":{"sp-site-id":"https://curajinstitute.sharepoint.com/sites/PowerAppsTest","sp-list-id":"cdee09a0-90a6-425f-831e-30e5edd4a86c","https://curajinstitute.sharepoint.com/sites/PowerAppsTest":"cdee09a0-90a6-425f-831e-30e5edd4a86c","primaryDeviceWidth":"640","primaryDeviceHeight":"1136","sienaVersion":"20210425T195144Z-3.21042.21.0","deviceCapabilities":"","supportsPortrait":"true","supportsLandscape":"false","primaryFormFactor":"Phone","publisherVersion":"3.21042.21","minimumRequiredApiVersion":"2.2.0","hasComponent":"false","hasUnlockedComponent":"false","isUnifiedRootApp":"false"},"properties":{"appVersion":"2021-04-25T19:51:44Z","lifeCycleId":"Published","createdByClientVersion":{"major":3,"minor":21042,"build":21,"revision":0,"majorRevision":0,"minorRevision":0},"minClientVersion":{"major":3,"minor":21042,"build":21,"revision":0,"majorRevision":0,"minorRevision":0},"backgroundColor":"rgba(1, 60, 96, 1)","backgroundImageUri":"/3786727045750998987/N4b859d0d-5c20-4fd7-b2c7-b53bdbdee898-logoSmallFile","displayName":"Help Desk","description":"","commitMessage":"","appUris":{"documentUri":{"value":"/3786727045750998987/Ne677524b-a14d-43de-bad2-85216aab2127-document.msapp"},"imageUris":[]},"createdTime":"0001-01-01T00:00:00Z","lastModifiedTime":"0001-01-01T00:00:00Z","sharedGroupsCount":0,"sharedUsersCount":0,"icons":{"smallIconUri":"/3786727045750998987/N65bcbd39-ed78-40b2-887d-0576b956bbbf-small.png","mediumIconUri":"/3786727045750998987/Nd7e6767d-45de-41eb-91a9-1b8cabaa3794-medium.png","largeIconUri":"/3786727045750998987/N8a7b1a52-6e29-4025-9c81-1a3261eeaca9-large.png","wideIconUri":"/3786727045750998987/N1dc13fa1-75d6-417b-b109-7133d7d1e116-wide.png"},"connectionReferences":{"4846b28d-5cc8-4c63-be8c-e7c848260b44":{"id":"f47bb8ed-f6e0-4d3c-b959-616ba3abca72","displayName":"SharePoint","iconUri":"https://connectoricons-prod.azureedge.net/releases/v1.0.1458/1.0.1458.2381/sharepointonline/icon.png","dataSources":["Service Desk","Ticket Category"],"dependencies":[],"dependents":[],"parameterHints":{},"isOnPremiseConnection":false,"bypassConsent":false,"dataSets":{"https://curajinstitute.sharepoint.com/sites/PowerAppsTest":{"dataSources":{"Service Desk":{"tableName":"cdee09a0-90a6-425f-831e-30e5edd4a86c"},"Ticket Category":{"tableName":"22693aca-a813-4174-a2d9-7d4d7aa8f761"}}}},"apiTier":"Standard","isCustomApiConnection":false}},"databaseReferences":{},"almMode":"Environment","performanceOptimizationEnabled":true,"canConsumeAppPass":true,"executionRestrictions":{"isTeamsOnly":false,"dataLossPreventionEvaluationResult":{"status":"Compliant","lastEvaluationDate":"2021-04-25T06:55:35.7943344Z","violationDetails":[]}}},"isAppComponentLibrary":false,"appType":"ClassicCanvasApp","appComponents":[]}}